1,A,A,100000.0,9876543210,1@123
2,B,A,100000.0,9876543210,2@123
3,C,A,100000.0,9876543210,3@123
4,D,A,100000.0,9876543210,4@123
5,E,A,100000.0,9876543210,5@123
6,F,A,100000.0,9876543210,6@123
7,G,A,100000.0,9876543210,7@123
8,H,A,100000.0,9876543210,8@123
9,I,A,100000.0,9876543210,9@123
10,J,A,100000.0,9876543210,10@123
11,K,B,200000.0,9876543210,11@123
12,L,B,200000.0,9876543210,12@123
13,M,B,200000.0,9876543210,13@123
14,N,B,200000.0,9876543210,14@123
15,O,B,200000.0,9876543210,15@123
16,P,B,200000.0,9876543210,16@123
17,Q,B,200000.0,9876543210,17@123
18,R,B,200000.0,9876543210,18@123
19,S,B,200000.0,9876543210,19@123
20,T,B,200000.0,9876543210,20@123
21,U,C,300000.0,9876543210,21@123
22,V,C,300000.0,9876543210,22@123
23,W,C,300000.0,9876543210,23@123
24,X,C,300000.0,9876543210,24@123
25,Y,C,300000.0,9876543210,25@123
26,Z,C,300000.0,9876543210,26@123
27,AA,C,300000.0,9876543210,27@123
28,BB,C,300000.0,9876543210,28@123
29,CC,C,300000.0,9876543210,29@123
30,DD,C,300000.0,9876543210,30@123
31,EE,D,400000.0,9876543210,31@123
32,FF,D,400000.0,9876543210,32@123
33,GG,D,400000.0,9876543210,33@123
34,HH,D,400000.0,9876543210,34@123
35,II,D,400000.0,9876543210,35@123
36,JJ,D,400000.0,9876543210,36@123
37,KK,D,400000.0,9876543210,37@123
38,LL,D,400000.0,9876543210,38@123
39,MM,D,400000.0,9876543210,39@123
40,NN,D,400000.0,9876543210,40@123
41,OO,E,500000.0,9876543210,41@123
42,PP,E,500000.0,9876543210,42@123
43,QQ,E,500000.0,9876543210,43@123
44,RR,E,500000.0,9876543210,44@123
45,SS,E,500000.0,9876543210,45@123
46,TT,E,500000.0,9876543210,46@123
47,UU,E,500000.0,9876543210,47@123
48,VV,E,500000.0,9876543210,48@123
49,WW,E,500000.0,9876543210,49@123
50,XX,E,500000.0,9876543210,50@123
51,YY,F,600000.0,9876543210,51@123
52,ZZ,F,600000.0,9876543210,52@123
53,AAA,F,600000.0,9876543210,53@123
54,BBB,F,600000.0,9876543210,54@123
55,CCC,F,600000.0,9876543210,55@123
56,DDD,F,600000.0,9876543210,56@123
57,EEE,F,600000.0,9876543210,57@123
58,FFF,F,600000.0,9876543210,58@123
59,GGG,F,600000.0,9876543210,59@123
60,HHH,F,600000.0,9876543210,60@123
61,III,G,700000.0,9876543210,61@123
62,JJJ,G,700000.0,9876543210,62@123
63,KKK,G,700000.0,9876543210,63@123
64,LLL,G,700000.0,9876543210,64@123
65,MMM,G,700000.0,9876543210,65@123
66,NNN,G,700000.0,9876543210,66@123
67,OOO,G,700000.0,9876543210,67@123
68,PPP,G,700000.0,9876543210,68@123
69,QQQ,G,700000.0,9876543210,69@123
70,RRR,G,700000.0,9876543210,70@123
71,SSS,H,800000.0,9876543210,71@123
72,TTT,H,800000.0,9876543210,72@123
73,UUU,H,800000.0,9876543210,73@123
74,VVV,H,800000.0,9876543210,74@123
75,WWW,H,800000.0,9876543210,75@123
76,XXX,H,800000.0,9876543210,76@123
77,YYY,H,800000.0,9876543210,77@123
78,ZZZ,H,800000.0,9876543210,78@123
79,AAAA,H,800000.0,9876543210,79@123
80,BBBB,H,800000.0,9876543210,80@123
81,CCCC,I,900000.0,9876543210,81@123
82,DDDD,I,900000.0,9876543210,82@123
83,EEEE,I,900000.0,9876543210,83@123
84,FFFF,I,900000.0,9876543210,84@123
85,GGGG,I,900000.0,9876543210,85@123
86,HHHH,I,900000.0,9876543210,86@123
87,IIII,I,900000.0,9876543210,87@123
88,JJJJ,I,900000.0,9876543210,88@123
89,KKKK,I,900000.0,9876543210,89@123
90,LLLL,I,900000.0,9876543210,90@123
91,MMMM,J,1000000.0,9876543210,91@123
92,NNNN,J,1000000.0,9876543210,92@123
93,OOOO,J,1000000.0,9876543210,93@123
94,PPPP,J,1000000.0,9876543210,94@123
95,QQQQ,J,1000000.0,9876543210,95@123
96,RRRR,J,1000000.0,9876543210,96@123
97,SSSS,J,1000000.0,9876543210,97@123
98,TTTT,J,1000000.0,9876543210,98@123
99,UUUU,J,1000000.0,9876543210,99@123
100,VVVV,J,1000000.0,9876543210,100@123
101,WWWW,K,1100000.0,9876543210,101@123
